page,size_pt,images,chars,pf_chars,status,unit,md_coverage,flags,visual_check
1,612x792,1,128,8,H,U00,0.38,,cover/opener text-checked
2,612x792,1,1892,7,T,U00,0.984,,text-checked; MD-compared
3,612x792,0,2091,7,T,U00,0.986,,text-checked; MD-compared
4,612x792,0,1867,7,T,U00,0.967,,text-checked; MD-compared
5,612x792,0,2190,7,T,U00,0.654,,text-checked; MD-compared
6,612x792,0,1376,9,T,U00,0.835,,text-checked; MD-compared
7,612x792,1,1517,7,T,U00,0.586,,text-checked; MD-compared
8,612x792,1,1611,7,T,U00,0.982,,text-checked; MD-compared
9,612x792,0,2150,7,T,U00,0.986,,text-checked; MD-compared
10,612x792,5,127,7,S,U00,0.722,,REQUIRED (visual reading)
11,595x842,3,101,0,H,U01,1.0,,cover/opener text-checked
12,595x842,2,1836,0,T,U01,0.894,,text-checked; MD-compared
13,595x842,2,1689,0,T,U01,0.918,spaced-letters,text-checked; MD-compared
14,595x842,5,306,0,T,U01,1.0,spaced-letters; short-page,text-checked; MD-compared
15,595x842,3,1047,0,T,U01,0.902,spaced-letters,text-checked; MD-compared
16,595x842,4,310,0,T,U01,1.0,short-page,text-checked; MD-compared
17,595x842,4,257,0,T,U01,0.871,short-page,text-checked; MD-compared
18,595x842,4,221,0,T,U01,1.0,short-page,text-checked; MD-compared
19,595x842,7,268,0,T,U01,0.86,spaced-letters; short-page,text-checked; MD-compared
20,595x842,3,405,0,T,U01,1.0,,text-checked; MD-compared
21,595x842,3,331,0,T,U01,1.0,short-page,text-checked; MD-compared
22,595x842,3,19,0,S,U01,,,REQUIRED (visual reading) + thumbnail sampled
23,595x842,3,98,0,H,U01,1.0,,cover/opener text-checked
24,595x842,4,18,0,S,U01,,,REQUIRED (visual reading) + thumbnail sampled
25,595x842,4,18,0,S,U01,,,REQUIRED (visual reading) + thumbnail sampled
26,595x842,4,18,0,S,U01,,,REQUIRED (visual reading) + thumbnail sampled
27,595x842,4,18,0,S,U01,,,REQUIRED (visual reading) + thumbnail sampled
28,595x842,4,18,0,S,U01,,,REQUIRED (visual reading) + thumbnail sampled
29,595x842,4,18,0,S,U01,,,REQUIRED (visual reading) + thumbnail sampled
30,595x842,4,18,0,S,U01,,,REQUIRED (visual reading) + thumbnail sampled
31,595x842,2,18,0,S,U01,,,REQUIRED (visual reading) + thumbnail sampled
32,612x792,8,480,0,H,U02,1.0,,cover/opener text-checked
33,612x792,0,2253,0,T,U02,0.885,,text-checked; MD-compared
34,612x792,2,1726,0,T,U02,0.899,,text-checked; MD-compared
35,612x792,2,1753,0,T,U02,0.779,,text-checked; MD-compared
36,612x792,2,1530,0,T,U02,0.933,,text-checked; MD-compared
37,612x792,3,1613,0,T,U02,0.977,spaced-letters,text-checked; MD-compared
38,612x792,1,764,0,T,U02,1.0,spaced-letters,text-checked; MD-compared
39,595x842,1,64,0,H,U02,1.0,,cover/opener text-checked
40,612x792,1,851,0,T,U02,0.692,spaced-letters,text-checked; MD-compared
41,612x792,0,1917,0,T,U02,0.444,spaced-letters,text-checked; MD-compared
42,612x792,0,1933,0,T,U02,0.405,spaced-letters,text-checked; MD-compared
43,612x792,1,602,0,T,U02,0.724,spaced-letters,text-checked; MD-compared
44,612x792,2,596,0,T,U02,0.666,spaced-letters,text-checked; MD-compared
45,612x792,1,524,0,T,U02,0.297,spaced-letters,text-checked; MD-compared
46,612x792,1,1221,0,T,U02,0.336,spaced-letters,text-checked; MD-compared
47,612x792,0,1864,0,T,U02,0.376,spaced-letters,text-checked; MD-compared
48,612x792,1,960,0,T,U02,0.259,spaced-letters,text-checked; MD-compared
49,612x792,0,1843,0,T,U02,0.287,spaced-letters,text-checked; MD-compared
50,612x792,1,1218,0,T,U02,0.227,spaced-letters,text-checked; MD-compared
51,612x792,1,580,0,T,U02,0.394,spaced-letters,text-checked; MD-compared
52,612x792,1,398,0,T,U02,0.509,spaced-letters; short-page,text-checked; MD-compared
53,612x792,1,947,0,T,U02,0.608,spaced-letters,text-checked; MD-compared
54,612x792,1,249,0,T,U02,0.348,spaced-letters; short-page,text-checked; MD-compared
55,595x842,1,108,0,H,U03,1.0,,cover/opener text-checked
56,595x842,1,983,0,T,U03,1.0,,text-checked; MD-compared
57,595x842,2,1099,0,T,U03,0.939,,text-checked; MD-compared
58,595x842,2,614,0,T,U03,0.949,,text-checked; MD-compared
59,595x842,2,1006,0,T,U03,0.91,,text-checked; MD-compared
60,595x842,1,798,0,T,U03,0.848,,text-checked; MD-compared
61,595x842,1,1386,0,T,U03,0.946,,text-checked; MD-compared
62,595x842,2,1454,0,T,U03,0.816,,text-checked; MD-compared
63,595x842,1,1099,0,T,U03,1.0,spaced-letters,text-checked; MD-compared
64,595x842,2,801,0,T,U03,0.773,,text-checked; MD-compared
65,595x842,2,979,0,T,U03,0.77,spaced-letters,text-checked; MD-compared
66,595x842,3,624,0,T,U03,0.69,spaced-letters,text-checked; MD-compared
67,595x842,1,1194,0,T,U03,0.883,spaced-letters,text-checked; MD-compared
68,595x842,3,620,0,T,U03,1.0,,text-checked; MD-compared
69,595x842,0,1901,0,T,U03,0.985,spaced-letters,text-checked; MD-compared
70,595x842,5,262,67,H,U04,0.952,,cover/opener text-checked
71,595x842,2,1499,832,T,U04,1.0,presentation-forms(NFKC),text-checked; MD-compared
72,595x842,2,1561,782,T,U04,0.92,presentation-forms(NFKC),text-checked; MD-compared
73,595x842,3,1334,728,T,U04,1.0,presentation-forms(NFKC),text-checked; MD-compared
74,595x842,1,1947,993,T,U04,0.965,presentation-forms(NFKC),text-checked; MD-compared
75,595x842,4,1291,674,T,U04,0.949,presentation-forms(NFKC),text-checked; MD-compared
76,595x842,4,910,478,T,U04,0.928,presentation-forms(NFKC),text-checked; MD-compared
77,595x842,2,1801,978,T,U04,0.878,presentation-forms(NFKC),text-checked; MD-compared
78,595x842,1,1733,854,T,U04,0.987,presentation-forms(NFKC),text-checked; MD-compared
79,595x842,2,1227,544,T,U04,0.946,presentation-forms(NFKC),text-checked; MD-compared
80,595x842,1,1169,608,T,U04,0.818,presentation-forms(NFKC),text-checked; MD-compared
81,612x792,9,289,0,H,U04,1.0,,cover/opener text-checked
82,612x792,1,2090,0,T,U04,0.256,spaced-letters,text-checked; MD-compared
83,612x792,2,2171,0,T,U04,0.18,spaced-letters,text-checked; MD-compared
84,612x792,0,2840,0,T,U04,0.333,spaced-letters,text-checked; MD-compared
85,612x792,0,1106,0,T,U04,0.241,spaced-letters,text-checked; MD-compared
86,612x792,1,2607,0,T,U04,0.24,spaced-letters,text-checked; MD-compared
87,612x792,2,1697,0,T,U04,0.237,spaced-letters,text-checked; MD-compared
88,612x792,1,1797,0,T,U04,0.347,spaced-letters,text-checked; MD-compared
89,612x792,2,1494,0,T,U04,0.353,spaced-letters,text-checked; MD-compared
90,612x792,1,1361,0,T,U04,0.331,spaced-letters,text-checked; MD-compared
91,595x842,1,65,0,H,U05,1.0,,cover/opener text-checked
92,595x842,2,1591,0,T,U05,0.982,,text-checked; MD-compared
93,595x842,2,1691,0,T,U05,0.982,,text-checked; MD-compared
94,595x842,2,1587,0,T,U05,0.98,,text-checked; MD-compared
95,595x842,1,1757,0,T,U05,1.0,,text-checked; MD-compared
96,595x842,1,1859,0,T,U05,1.0,,text-checked; MD-compared
97,595x842,1,2406,0,T,U05,1.0,,text-checked; MD-compared
98,595x842,1,65,0,H,U05,1.0,,cover/opener text-checked
99,612x792,2,46,0,S,U05,1.0,,REQUIRED (visual reading)
100,612x792,4,65,0,S,U05,0.0,,REQUIRED (visual reading)
101,612x792,2,154,0,T,U05,0.768,short-page,text-checked; MD-compared
102,612x792,2,1533,0,G,U05,0.993,,REQUIRED (visual reading)
103,612x792,2,2104,0,G,U05,0.919,,REQUIRED (visual reading)
104,612x792,3,1503,0,G,U05,0.951,,REQUIRED (visual reading)
105,612x792,0,2997,0,G,U05,0.951,,REQUIRED (visual reading)
106,612x792,1,856,14,G,U05,0.835,,REQUIRED (visual reading)
107,612x792,1,1282,0,G,U05,0.859,,REQUIRED (visual reading)
108,612x792,0,783,0,G,U05,0.687,,REQUIRED (visual reading)
109,595x842,1,0,0,S,U06,,,REQUIRED (visual reading) + thumbnail sampled
110,595x842,1,0,0,S,U06,,,REQUIRED (visual reading) + thumbnail sampled
111,595x842,1,0,0,S,U06,,,REQUIRED (visual reading) + thumbnail sampled
112,595x842,1,0,0,S,U06,,,REQUIRED (visual reading) + thumbnail sampled
113,595x842,1,0,0,S,U06,,,REQUIRED (visual reading) + thumbnail sampled
114,595x842,1,0,0,S,U06,,,REQUIRED (visual reading) + thumbnail sampled
115,595x842,1,0,0,S,U06,,,REQUIRED (visual reading) + thumbnail sampled
116,595x842,1,0,0,S,U06,,,REQUIRED (visual reading) + thumbnail sampled
117,595x842,1,0,0,S,U06,,,REQUIRED (visual reading) + thumbnail sampled
118,595x842,1,0,0,S,U06,,,REQUIRED (visual reading)
119,595x842,1,106,40,H,U07,0.706,,cover/opener text-checked
120,595x842,1,1900,0,T,U07,0.969,,text-checked; MD-compared
121,595x842,2,2389,0,T,U07,0.977,,text-checked; MD-compared
122,595x842,2,2881,0,T,U07,0.881,,text-checked; MD-compared
123,595x842,3,1888,0,T,U07,1.0,,text-checked; MD-compared
124,595x842,2,2181,0,T,U07,0.9,,text-checked; MD-compared
125,595x842,1,2519,0,T,U07,0.923,,text-checked; MD-compared
126,595x842,2,1930,0,T,U07,0.962,,text-checked; MD-compared
127,595x842,10,1572,34,H,U07,0.907,,cover/opener text-checked
128,595x842,3,1477,77,T,U07,0.863,presentation-forms(NFKC); spaced-letters,text-checked; MD-compared
129,595x842,2,1977,157,T,U07,0.811,presentation-forms(NFKC); spaced-letters,text-checked; MD-compared
130,595x842,2,1607,42,T,U07,0.857,,text-checked; MD-compared
131,595x842,2,2240,116,T,U07,0.816,presentation-forms(NFKC),text-checked; MD-compared
132,595x842,3,2050,24,T,U07,0.959,,text-checked; MD-compared
133,595x842,1,2396,62,T,U07,0.888,presentation-forms(NFKC),text-checked; MD-compared
134,595x842,3,1670,50,T,U07,0.883,,text-checked; MD-compared
135,595x842,3,1577,63,T,U07,0.867,presentation-forms(NFKC); spaced-letters,text-checked; MD-compared
136,595x842,1,369,59,T,U07,0.668,presentation-forms(NFKC); short-page,text-checked; MD-compared
137,595x842,71,0,0,S,U08,,,REQUIRED (visual reading) + thumbnail sampled
138,595x842,70,0,0,S,U08,,,REQUIRED (visual reading) + thumbnail sampled
139,595x842,71,0,0,S,U08,,,REQUIRED (visual reading) + thumbnail sampled
140,595x842,70,0,0,S,U08,,,REQUIRED (visual reading) + thumbnail sampled
141,595x842,71,0,0,S,U08,,,REQUIRED (visual reading) + thumbnail sampled
142,595x842,71,0,0,S,U08,,,REQUIRED (visual reading) + thumbnail sampled
143,595x842,70,0,0,S,U08,,,REQUIRED (visual reading) + thumbnail sampled
144,595x842,20,0,0,S,U08,,,REQUIRED (visual reading) + thumbnail sampled
145,595x842,73,0,0,S,U08,,,REQUIRED (visual reading) + thumbnail sampled
146,595x842,73,0,0,S,U08,,,REQUIRED (visual reading) + thumbnail sampled
147,595x842,71,0,0,S,U08,,,REQUIRED (visual reading)
148,595x842,73,0,0,S,U08,,,REQUIRED (visual reading)
149,595x842,73,0,0,S,U08,,,REQUIRED (visual reading)
150,595x842,73,0,0,S,U08,,,REQUIRED (visual reading) + thumbnail sampled
151,595x842,73,0,0,S,U08,,,REQUIRED (visual reading)
152,1271x1797,1,0,0,S,U09,,,REQUIRED (visual reading) + thumbnail sampled
153,1271x1797,1,0,0,S,U09,,,REQUIRED (visual reading)
154,1271x1797,1,0,0,S,U09,,,REQUIRED (visual reading)
155,1271x1797,0,0,0,E,U09,,,REQUIRED (visual reading)
156,1271x1797,1,0,0,S,U09,,,REQUIRED (visual reading)
157,1271x1797,1,0,0,S,U09,,,REQUIRED (visual reading)
158,1271x1797,1,0,0,S,U09,,,REQUIRED (visual reading) + thumbnail sampled
159,1271x1797,1,0,0,S,U09,,,REQUIRED (visual reading)
160,1271x1797,1,0,0,S,U09,,,REQUIRED (visual reading)
161,1271x1797,1,0,0,S,U09,,,REQUIRED (visual reading)
162,1271x1797,1,0,0,S,U09,,,REQUIRED (visual reading)
163,1271x1797,1,0,0,S,U09,,,REQUIRED (visual reading)
164,1271x1797,1,0,0,S,U09,,,REQUIRED (visual reading) + thumbnail sampled
165,1271x1797,1,0,0,S,U09,,,REQUIRED (visual reading)
166,1271x1797,1,0,0,S,U09,,,REQUIRED (visual reading)
167,1271x1797,1,0,0,S,U09,,,REQUIRED (visual reading)
168,1271x1797,1,0,0,S,U09,,,REQUIRED (visual reading)
169,1271x1797,1,0,0,S,U09,,,REQUIRED (visual reading)
170,1271x1797,1,0,0,S,U09,,,REQUIRED (visual reading) + thumbnail sampled
171,1271x1797,1,0,0,S,U09,,,REQUIRED (visual reading)
172,1271x1797,1,0,0,S,U09,,,REQUIRED (visual reading)
173,1271x1797,1,0,0,S,U09,,,REQUIRED (visual reading)
174,1271x1797,1,0,0,S,U09,,,REQUIRED (visual reading)
175,1271x1797,1,0,0,S,U09,,,REQUIRED (visual reading)
176,1271x1797,1,0,0,S,U09,,,REQUIRED (visual reading) + thumbnail sampled
177,595x842,8,1798,13,H,U10,0.94,,cover/opener text-checked
178,595x842,1,1864,0,T,U10,0.871,,text-checked; MD-compared
179,612x792,1,1280,1004,T,U10,0.0,presentation-forms(NFKC),text-checked; MD-compared
180,612x792,2,521,388,T,U10,0.008,presentation-forms(NFKC),text-checked; MD-compared
181,612x792,0,330,249,T,U10,0.0,presentation-forms(NFKC); short-page,text-checked; MD-compared
182,595x842,0,2329,0,T,U10,0.942,,text-checked; MD-compared
183,595x842,1,2018,0,T,U10,0.908,,text-checked; MD-compared
184,595x842,0,2195,0,T,U10,0.909,,text-checked; MD-compared
185,595x842,0,1642,0,T,U10,0.998,,text-checked; MD-compared
186,595x842,18,2625,0,G,U10,1.0,,REQUIRED (visual reading) + thumbnail sampled
187,595x842,8,2567,0,G,U10,1.0,,REQUIRED (visual reading)
188,595x842,1,2725,0,G,U10,0.983,,REQUIRED (visual reading)
189,595x842,1,2104,0,G,U10,0.994,,REQUIRED (visual reading)
190,595x842,7,2026,0,G,U10,1.0,,REQUIRED (visual reading)
191,595x842,3,1719,0,G,U10,1.0,,REQUIRED (visual reading)
192,595x842,3,2242,0,G,U10,1.0,,REQUIRED (visual reading)
193,595x842,2,2359,0,G,U10,0.99,,REQUIRED (visual reading)
194,595x842,3,2285,0,G,U10,1.0,,REQUIRED (visual reading)
195,595x842,1,2472,0,G,U10,1.0,,REQUIRED (visual reading)
196,595x842,0,2879,0,G,U10,1.0,,REQUIRED (visual reading)
197,595x842,7,3156,0,G,U10,0.948,,REQUIRED (visual reading)
198,595x842,0,2840,0,G,U10,1.0,,REQUIRED (visual reading)
199,595x842,0,2490,0,G,U10,1.0,,REQUIRED (visual reading)
200,595x842,2,2509,0,G,U10,1.0,,REQUIRED (visual reading)
201,595x842,3,1597,0,G,U10,1.0,,REQUIRED (visual reading)
202,595x842,3,1616,0,G,U10,1.0,,REQUIRED (visual reading)
203,595x842,8,2073,0,H,U11,0.173,,cover/opener text-checked
204,595x842,0,2755,0,G,U11,0.246,,REQUIRED (visual reading)
205,595x842,0,2771,0,G,U11,0.085,,REQUIRED (visual reading) + thumbnail sampled
206,595x842,2,2269,0,G,U11,0.197,,REQUIRED (visual reading)
207,595x842,0,3028,0,G,U11,0.207,,REQUIRED (visual reading)
208,595x842,3,2179,0,G,U11,0.204,,REQUIRED (visual reading)
209,595x842,0,3145,0,G,U11,0.137,,REQUIRED (visual reading)
210,595x842,1,2623,0,G,U11,0.236,,REQUIRED (visual reading)
211,595x842,0,3222,0,G,U11,0.192,,REQUIRED (visual reading)
212,595x842,3,2316,0,G,U11,0.135,,REQUIRED (visual reading)
213,595x842,0,109,0,E,U11,1.0,,REQUIRED (visual reading)
214,595x842,0,109,0,E,U11,1.0,,REQUIRED (visual reading)
215,595x842,6,2008,0,T,U11,0.934,,text-checked; MD-compared
216,595x842,2,1714,0,T,U11,0.999,,text-checked; MD-compared
217,595x842,7,1159,0,T,U11,0.999,,text-checked; MD-compared
218,595x842,1,2406,0,T,U11,0.921,,text-checked; MD-compared
219,595x842,1,2246,0,T,U11,0.947,,text-checked; MD-compared
220,595x842,3,1497,72,T,U11,0.925,presentation-forms(NFKC),text-checked; MD-compared
221,595x842,0,2503,249,T,U11,0.852,presentation-forms(NFKC),text-checked; MD-compared
222,595x842,1,1295,169,T,U11,0.83,presentation-forms(NFKC),text-checked; MD-compared
223,595x842,0,693,0,T,U11,0.953,,text-checked; MD-compared
224,595x842,0,2212,0,T,U11,0.948,,text-checked; MD-compared
225,595x842,0,1244,0,T,U11,0.999,,text-checked; MD-compared
226,612x792,0,1854,0,T,U11,0.218,spaced-letters,text-checked; MD-compared
227,595x842,0,1433,939,T,U11,0.545,presentation-forms(NFKC); spaced-letters,text-checked; MD-compared
228,595x842,0,149,90,T,U11,0.99,presentation-forms(NFKC); short-page,text-checked; MD-compared
229,595x842,10,1299,13,G,U11,0.534,,REQUIRED (visual reading) + thumbnail sampled
230,595x842,3,2067,0,G,U11,0.39,,REQUIRED (visual reading)
231,595x842,3,2632,0,G,U11,0.313,,REQUIRED (visual reading)
232,595x842,2,3083,0,G,U11,0.403,,REQUIRED (visual reading)
233,595x842,2,1215,0,G,U11,0.63,,REQUIRED (visual reading)
234,595x842,1,3371,0,G,U11,0.528,,REQUIRED (visual reading)
235,595x842,3,1889,0,G,U11,0.257,,REQUIRED (visual reading)
236,595x842,1,2273,0,G,U11,0.782,,REQUIRED (visual reading)
237,595x842,3,1987,0,G,U11,0.804,,REQUIRED (visual reading)
238,595x842,2,1731,0,G,U11,0.815,,REQUIRED (visual reading)
239,595x842,1,2564,0,G,U11,0.624,,REQUIRED (visual reading)
240,595x842,3,1713,0,G,U11,0.222,,REQUIRED (visual reading)
241,595x842,5,2480,0,G,U11,0.268,,REQUIRED (visual reading)
